title	artist	length
Vendrá la Muerte y tendrá tus ojos	Los Animalitos	2:50
Garúa	Andrés Calamaro	3:40
En el último trago	Andrés Calamaro & Lila Downs	-
Siete segundos / El día que me quieras	Andrés Calamaro	5:26
Juntos para siempre	Alejandro Lerner & Andrés Calamaro	3:32
Para no olvidar	Andrés Calamaro con Manolo García y Vicente Amigo	4:04
Flaca	Andrés Calamaro & Alejandro Sanz	3:46
Paula (live, 2010-10-05: MTV Unplugged, Estudios Churubusco, Mexico City, Mexico)	Zoé	4:12
Te quiero igual	Andrés Calamaro	3:55
Himno De Mi Corazón	Andrés Calamaro, Cachorro López, Daniel Melingo	-
Everything in its Right Place	Aquasky vs. Radiohead	7:28
Let Down (edit)	Radiohead	4:26
I Might Be Wrong	Radiohead	3:44
Fast Track	Radiohead	3:17
Stop Whispering	Radiohead	4:07
Airbag (live Florence 97)	Radiohead	4:49
Banana Co (acoustic)	Radiohead	2:26
These Are My Twisted Words	Radiohead	5:32
Fake Plastic Trees	Radiohead	-
Another Wedged Chicken (Martyn remix)	Shed	6:00
Bulletproof... I Wish I Was	Radiohead	-
Bullet Proof..I Wish I Was	Radiohead	3:28
I Want None of This	Radiohead	3:14
House of Cards	Radiohead	4:36
Harry Patch (In Memory Of)	Radiohead	5:33
Bones (live at the Forum)	Radiohead	3:13
Idioteque	Radiohead	5:09
TKOL (Altrice RMX)	Radiohead	6:00
Bloom (Harmonic 313 RMX)	Radiohead	5:04
Morning Mr Magpie (Nathan Fake RMX)	Radiohead	4:52
Jigsaw Falling Into Place	Radiohead	4:10
Treefingers (Kid 17 version)	Radiohead	-
I Wear It Proudly (Elvis Costello Cover)	Radiohead	-
Pop Is Dead (live, 1994-05-27: The Astoria, London, UK)	Radiohead	2:22
There There	Radiohead	4:40
Bloom (Jamie XX Rework)	Radiohead	2:27
Bloom (Jamie xx rework part 3)	Radiohead	7:47
Bones	Radiohead	3:09
Supercollider	Radiohead	7:02
A Punchup at a Wedding	Radiohead	3:53
Reckoner (Backing Vocals Stem)	Radiohead	4:50
Reckoner (Bass Stem)	Radiohead	4:50
Yes I Am	Radiohead	4:25
Climbing Up the Walls (Zero 7 mix)	Radiohead	5:18
Gagging Order	Radiohead	3:35
How to Disappear Completely	Radiohead	-
Bishop’s Robes	Radiohead	3:25
Give Up the Ghost (Brokenchord RMX)	Radiohead	5:03
Lucky (1997‐08‐12 Launch session)	Radiohead	4:30
Climbing Up the Walls	Radiohead	4:45
High & Dry	Radiohead	4:16
Bloom (Objekt RMX)	Radiohead	5:19
Planet Telex (Hexidecimal mix)	Radiohead	6:44
[data track]	Radiohead	69:32
Everything in Its Right Place (Andi Müller’s Looong mix)	Radiohead	11:01
Bodysnatchers	Radiohead	4:04
Staircase	Radiohead	4:31
Ill Wind	Radiohead	4:15
Present Tense: Jonny, Thom & a CR78	Radiohead	5:16
Present Tense (radio edit)	Radiohead	4:39
Identikit (radio edit)	Radiohead	3:45
Bloom (Creatures mix for Jun Takahashi)	Radiohead	17:45
The Butcher	Radiohead	4:37
Morning Mr Magpie (Pearson Sound Scavenger RMX)	Radiohead	4:40
Spectre	Radiohead	3:19
Down Is the New Up	Thom Yorke	-
The Numbers: Jonny, Thom & a CR78	Radiohead	5:45
Intro (live, 2000‐10‐17: Air Canada Centre, Toronto, Canada)	Radiohead	-
Paranoid Android (live, 2000‐10‐17: Air Canada Centre, Toronto, Canada)	Radiohead	-
National Anthem (live, 2000‐10‐17: Air Canada Centre, Toronto, Canada)	Radiohead	-
Lift	Radiohead	4:06
Man of War	Radiohead	4:29
33.33333 (The Gloaming remix)	Radiohead	3:33
Burn the Witch	Radiohead	3:59
Gagging Order	Radiohead	3:31
Packt Like Sardines in a Crushd Tin Box	Radiohead	4:00
A Reminder	Radiohead	3:52
The Daily Mail	Radiohead	3:37
Daydreaming	Radiohead	6:24
Creep (Very 2021 rmx)	Thom Yorke feat. Radiohead	9:02
The Gloaming (DJ Shadow remix)	Radiohead	5:33
Knives Out	Radiohead	4:14
Dollars and Cents (live, 2001-07-07: South Park, Oxford, England, UK)	Radiohead	5:13
Talk Show Host (Nellee Hooper mix)	Radiohead	4:15
Pyramid Song	Radiohead	4:49
Codex (Illum Sphere rmx)	Radiohead	4:34
Meeting in the Aisle	Radiohead	3:08
I Promise	Radiohead	3:59
Follow Me Around	Radiohead	5:19
Feral (Lone RMX)	Radiohead	5:16
Codex (Illum Sphere RMX)	Radiohead	4:32
Give Up the Ghost (Thriller Houseghost RMX)	Radiohead	6:12
Good Evening Mrs Magpie (Modeselektor RMX)	Radiohead	7:43
Separator (Anstam RMX)	Radiohead	4:51
Lotus Flower (Jacques Greene rmx)	Radiohead	7:09
Little by Little (Caribou rmx)	Radiohead	5:40
Street Spirit (Fade Out)	Radiohead	4:12
Black Star	Radiohead	4:07
Just	Radiohead	3:54
Separator (Anstam RMX II)	Radiohead	3:55
Identikit (instrumental)	Radiohead	4:26
Down Is the New Up	Radiohead	4:59
If You Say the Word	Radiohead	4:21
There There	Radiohead	5:22
How to Disappear Completely	Radiohead	5:56
The National Anthem	Radiohead	5:51
Cuttooth	Radiohead	5:24
I Might Be Wrong (live, 2001-07-07: South Park, Oxford, England, UK)	Radiohead	4:52
Lucky	Radiohead	4:19
Prove Yourself	Radiohead	2:25
No Surprises	Radiohead	3:48
Karma Police	Radiohead	4:22
Paranoid Android	Radiohead	6:23
Lotus Flower	Radiohead	5:00
Little by Little	Radiohead	4:27
Fake Plastic Trees	Radiohead	4:50
Planet Telex	Radiohead	4:19
All I Need	Radiohead	3:48
Nude	Radiohead	4:15
2 + 2 = 5 (The Lukewarm.)	Radiohead	3:19
Street Spirit	Wonky vs. Radiohead	6:52
Creep (You’re so fucking special)	Radiohead	3:56
